{"cameraMode":{"drawMode":0,"name":"Shaded","section":"Shading Mode"},"sceneLighting":false,"audioPlay":false,"sceneViewState":{"m_AlwaysRefresh":false,"showFog":true,"showSkybox":false,"showFlares":true,"showImageEffects":true,"showParticleSystems":true,"showVisualEffectGraphs":true,"m_FxEnabled":true},"in2DMode":false,"pivot":{"x":-0.0019582509994506838,"y":-0.7560261487960815,"z":-0.21893441677093507},"rotation":{"x":-0.23800402879714967,"y":-0.5306639671325684,"z":0.15825679898262025,"w":-0.7981879115104675},"size":40.01279067993164,"orthographic":false}