{"cameraMode":{"drawMode":0,"name":"Shaded","section":"Shading Mode"},"sceneLighting":false,"audioPlay":false,"sceneViewState":{"m_AlwaysRefresh":false,"showFog":true,"showSkybox":false,"showFlares":true,"showImageEffects":true,"showParticleSystems":true,"showVisualEffectGraphs":true,"m_FxEnabled":true},"in2DMode":false,"pivot":{"x":0.6973435878753662,"y":-1.3330594301223755,"z":2.166292905807495},"rotation":{"x":-0.32208526134490969,"y":-0.49667179584503176,"z":0.20525579154491425,"w":-0.7796456813812256},"size":3.1665279865264894,"orthographic":false}