{"cameraMode":{"drawMode":0,"name":"Shaded","section":"Shading Mode"},"sceneLighting":false,"audioPlay":false,"sceneViewState":{"m_AlwaysRefresh":false,"showFog":true,"showSkybox":false,"showFlares":true,"showImageEffects":true,"showParticleSystems":true,"showVisualEffectGraphs":true,"m_FxEnabled":true},"in2DMode":false,"pivot":{"x":0.45684969425201418,"y":0.24891430139541627,"z":1.6416449546813965},"rotation":{"x":-0.3849448561668396,"y":0.40173253417015078,"z":-0.19124719500541688,"w":-0.8086130619049072},"size":0.9669539928436279,"orthographic":false}