{"cameraMode":{"drawMode":0,"name":"Shaded","section":"Shading Mode"},"sceneLighting":false,"audioPlay":false,"sceneViewState":{"m_AlwaysRefresh":false,"showFog":true,"showSkybox":false,"showFlares":true,"showImageEffects":true,"showParticleSystems":true,"showVisualEffectGraphs":true,"m_FxEnabled":true},"in2DMode":false,"pivot":{"x":-1.8305394649505616,"y":-0.6260647177696228,"z":0.9217886328697205},"rotation":{"x":-0.29308071732521059,"y":-0.2130562663078308,"z":0.06716731190681458,"w":-0.9296383857727051},"size":2.9576902389526369,"orthographic":false}