{"cameraMode":{"drawMode":0,"name":"Shaded","section":"Shading Mode"},"sceneLighting":true,"audioPlay":false,"sceneViewState":{"m_AlwaysRefresh":false,"showFog":true,"showSkybox":true,"showFlares":true,"showImageEffects":true,"showParticleSystems":true,"showVisualEffectGraphs":true,"m_FxEnabled":true},"in2DMode":false,"pivot":{"x":-11.410102844238282,"y":3.079176902770996,"z":32.20182418823242},"rotation":{"x":-0.19299134612083436,"y":-0.41989150643348696,"z":0.09186708927154541,"w":-0.8820628523826599},"size":0.7605711817741394,"orthographic":false}