{"cameraMode":{"drawMode":0,"name":"Shaded","section":"Shading Mode"},"sceneLighting":true,"audioPlay":false,"sceneViewState":{"m_AlwaysRefresh":false,"showFog":true,"showSkybox":true,"showFlares":true,"showImageEffects":true,"showParticleSystems":true,"showVisualEffectGraphs":true,"m_FxEnabled":true},"in2DMode":false,"pivot":{"x":-15.921584129333496,"y":-12.371789932250977,"z":8.687093734741211},"rotation":{"x":0.41353490948677065,"y":0.045849937945604327,"z":-0.02083713747560978,"w":0.9091178178787231},"size":10.518418312072754,"orthographic":false}